"cust_id","cust_nm","category"
"EB-13840","Ellis Ballard","Corporate"
"JR-16210","Justin Ritter","Corporate"
"KD-16495","Keith Dawkins","Corporate"
"HW-14935","Helen Wasserman","Corporate"
"AC-10420","Alyssa Crouse","Corporate"
"CS-11845","Cari Sayre","Corporate"
"GM-14695","Greg Maxwell","Corporate"
"SC-20230","Scot Coram","Corporate"
"MG-18205","Mitch Gastineau","Corporate"
"LC-16930","Linda Cazamias","Corporate"
"JC-16105","Julie Creighton","Corporate"
"MS-17980","Michael Stewart","Corporate"
"LW-16825","Laurel Workman","Corporate"
"BS-11365","Bill Shonely","Corporate"
"KN-16450","Kean Nguyen","Corporate"
"RF-19345","Randy Ferguson","Corporate"
"BB-11545","Brenda Bowman","Corporate"
"MC-17635","Matthew Clasen","Corporate"
"DB-12970","Darren Budd","Corporate"
"BO-11350","Bill Overfelt","Corporate"
"MH-17785","Maya Herman","Corporate"
"YS-21880","Yana Sorensen","Corporate"
"FM-14215","Filia McAdams","Corporate"
"MF-18250","Monica Federle","Corporate"
"Dl-13600","Dorris liebe","Corporate"
"JM-15655","Jim Mitchum","Corporate"
"AH-10195","Alan Haines","Corporate"
"VW-21775","Victoria Wilson","Corporate"
"JD-15895","Jonathan Doherty","Corporate"
"DM-12955","Dario Medina","Corporate"
"VG-21805","Vivek Grady","Corporate"
"CH-12070","Cathy Hwang","Consumer"
"GM-14455","Gary Mitchum","Consumer"
"DW-13480","Dianna Wilson","Consumer"
"EM-14140","Eugene Moren","Consumer"
"CL-12700","Craig Leslie","Consumer"
"BC-11125","Becky Castell","Consumer"
"AT-10435","Alyssa Tate","Consumer"
"NM-18445","Nathan Mautz","Consumer"
"BF-11170","Ben Ferrer","Consumer"
"NZ-18565","Nick Zandusky","Consumer"
"BE-11335","Bill Eplett","Consumer"
"JL-15175","James Lanier","Consumer"
"ME-17320","Maria Etezadi","Consumer"
"ED-13885","Emily Ducich","Consumer"
"PK-18910","Paul Knutson","Consumer"
"JB-16045","Julia Barnett","Consumer"
"VT-21700","Valerie Takahito","Consumer"
"CR-12580","Clay Rozendal","Consumer"
"RS-19870","Roy Skaria","Consumer"
"EH-14125","Eugene Hildebrand","Consumer"
"JP-16135","Julie Prescott","Consumer"
"DP-13390","Dennis Pardue","Consumer"
"KB-16405","Katrina Bavinger","Consumer"
"SJ-20125","Sanjit Jacobs","Consumer"
"SC-20050","Sample Company A","Consumer"
"JS-15940","Joni Sundaresam","Consumer"
"PH-18790","Patricia Hirasaki","Consumer"
"MG-17650","Matthew Grinstein","Consumer"
"BF-11215","Benjamin Farhat","Consumer"
"DM-13525","Don Miller","Corporate"
"JG-15310","Jason Gross","Corporate"
"KM-16225","Kalyca Meade","Corporate"
"CA-11965","Carol Adams","Corporate"
"LA-16780","Laura Armstrong","Corporate"
"CM-11815","Candace McMahon","Corporate"
"EB-13705","Ed Braxton","Corporate"
"PW-19030","Pauline Webber","Corporate"
"BS-11590","Brendan Sweed","Corporate"
"BP-11095","Bart Pistole","Corporate"
"SP-20620","Stefania Perrino","Corporate"
"NG-18355","Nat Gilpin","Corporate"
"LW-16990","Lindsay Williams","Corporate"
"KN-16390","Katherine Nockton","Corporate"
"MY-18295","Muhammed Yedwab","Corporate"
"JM-15265","Janet Molinari","Corporate"
"AH-10075","Adam Hart","Corporate"
"BV-11245","Benjamin Venier","Corporate"
"DL-13495","Dionis Lloyd","Corporate"
"VB-21745","Victoria Brennan","Corporate"
"AR-10345","Alex Russell","Corporate"
"DR-12880","Dan Reichenbach","Corporate"
"AH-10690","Anna Häberlin","Corporate"
"SW-20755","Steven Ward","Corporate"
"KB-16600","Ken Brennan","Corporate"
"SM-20950","Suzanne McNair","Corporate"
"AM-10360","Alice McCarthy","Corporate"
"AR-10825","Anthony Rawles","Corporate"
"LR-17035","Lisa Ryan","Corporate"
"JP-15460","Jennifer Patt","Corporate"
"TP-21565","Tracy Poddar","Corporate"
"KL-16555","Kelly Lampkin","Corporate"
"MF-17665","Maureen Fritzler","Corporate"
"TC-20980","Tamara Chand","Corporate"
"NC-18625","Noah Childs","Corporate"
"BS-11380","Bill Stewart","Corporate"
"EM-14095","Eudokia Martin","Corporate"
"AH-10030","Aaron Hawkins","Corporate"
"BG-11695","Brooke Gillingham","Corporate"
"MZ-17515","Mary Zewe","Corporate"
"FH-14365","Fred Hopkins","Corporate"
"LD-16855","Lela Donovan","Corporate"
"MW-18235","Mitch Willingham","Corporate"
"JE-15610","Jim Epp","Corporate"
"RA-19885","Ruben Ausman","Corporate"
"RP-19855","Roy Phan","Corporate"
"SH-20635","Stefanie Holloman","Corporate"
"MZ-17335","Maria Zettner","Consumer"
"LC-16960","Lindsay Castell","Consumer"
"TT-21460","Tonja Turnell","Consumer"
"CW-11905","Carl Weiss","Consumer"
"TW-21025","Tamara Willingham","Consumer"
"EH-14005","Erica Hernandez","Consumer"
"CR-12625","Corey Roper","Consumer"
"MR-17545","Mathew Reese","Consumer"
"RH-19510","Rick Huthwaite","Consumer"
"SC-20680","Steve Carroll","Consumer"
"EK-13795","Eileen Kiefer","Consumer"
"TN-21040","Tanja Norvell","Consumer"
"PO-19180","Philisse Overcash","Consumer"
"GB-14530","George Bell","Corporate"
"CS-12250","Chris Selesnick","Corporate"
"DB-13555","Dorothy Badders","Corporate"
"KH-16630","Ken Heidel","Corporate"
"SP-20860","Sung Pak","Corporate"
"MC-18130","Mike Caudle","Corporate"
"BN-11470","Brad Norvell","Corporate"
"JW-15220","Jane Waco","Corporate"
"CS-12490","Cindy Schnelling","Corporate"
"EB-13750","Edward Becker","Corporate"
"FH-14275","Frank Hawley","Corporate"
"CA-12310","Christine Abelman","Corporate"
"AS-10045","Aaron Smayling","Corporate"
"AS-10285","Alejandro Savely","Corporate"
"KD-16615","Ken Dana","Corporate"
"MP-17965","Michael Paige","Corporate"
"ME-18010","Michelle Ellison","Corporate"
"HE-14800","Harold Engle","Corporate"
"BT-11395","Bill Tyler","Corporate"
"SC-20260","Scott Cohen","Corporate"
"SC-20695","Steve Chapman","Corporate"
"CP-12085","Cathy Prescott","Corporate"
"RS-19420","Ricardo Sperren","Corporate"
"DJ-13420","Denny Joy","Corporate"
"BP-11050","Barry Pond","Corporate"
"TH-21235","Tiffany House","Corporate"
"EM-13825","Elizabeth Moffitt","Corporate"
"KC-16675","Kimberly Carter","Corporate"
"DW-13585","Dorothy Wardle","Corporate"
"BF-11275","Beth Fritzler","Corporate"
"TC-21145","Theresa Coyne","Corporate"
"GD-14590","Giulietta Dortch","Corporate"
"KB-16585","Ken Black","Corporate"
"DV-13045","Darrin Van Huff","Corporate"
"GZ-14545","George Zrebassa","Corporate"
"LO-17170","Lori Olson","Corporate"
"GP-14740","Guy Phonely","Corporate"
"JS-15595","Jill Stevenson","Corporate"
"YC-21895","Yoseph Carroll","Corporate"
"FC-14335","Fred Chung","Corporate"
"EL-13735","Ed Ludwig","Consumer"
"RD-19660","Robert Dilbeck","Consumer"
"SD-20485","Shirley Daniels","Consumer"
"CC-12100","Chad Cunningham","Consumer"
"AG-10765","Anthony Garverick","Consumer"
"PL-18925","Paul Lucas","Consumer"
"JK-16120","Julie Kriz","Consumer"
"MG-17875","Michael Grace","Consumer"
"NF-18595","Nicole Fjeld","Consumer"
"SN-20710","Steve Nguyen","Consumer"
"CR-12820","Cyra Reiten","Consumer"
"ML-17755","Max Ludwig","Consumer"
"MH-17290","Marc Harrigan","Consumer"
"AW-10930","Arthur Wiediger","Consumer"
"MG-17890","Michael Granlund","Consumer"
"DS-13030","Darrin Sayre","Consumer"
"NK-18490","Neil Knudson","Consumer"
"MA-17560","Matt Abelman","Consumer"
"AS-10135","Adrian Shami","Consumer"
"CM-12655","Corinna Mitchell","Consumer"
"HR-14770","Hallie Redmond","Consumer"
"KM-16375","Katherine Murray","Consumer"
"CG-12040","Catherine Glotzbach","Consumer"
"EM-14200","Evan Minnotte","Consumer"
"PM-19135","Peter McVee","Consumer"
"BT-11485","Brad Thomas","Consumer"
"DR-12940","Daniel Raglin","Consumer"
"RM-19675","Robert Marley","Consumer"
"VF-21715","Vicky Freymann","Consumer"
"TB-21355","Todd Boyes","Corporate"
"DG-13300","Deirdre Greer","Corporate"
"CJ-11875","Carl Jackson","Corporate"
"PC-18745","Pamela Coakley","Corporate"
"AY-10555","Andy Yotov","Corporate"
"MC-17425","Mark Cousins","Corporate"
"DW-13195","David Wiener","Corporate"
"KE-16420","Katrina Edelman","Corporate"
"SS-20140","Saphhira Shifley","Corporate"
"PJ-18835","Patrick Jones","Corporate"
"SG-20890","Susan Gilcrest","Corporate"
"NC-18535","Nick Crebassa","Corporate"
"AC-10615","Ann Chong","Corporate"
"MH-17440","Mark Haberlin","Corporate"
"EB-13975","Erica Bern","Corporate"
"LS-16945","Linda Southworth","Corporate"
"TB-21175","Thomas Boland","Corporate"
"TS-21205","Thomas Seio","Corporate"
"ML-18040","Michelle Lonsdale","Corporate"
"CS-12175","Charles Sheldon","Corporate"
"CC-12610","Corey Catlett","Corporate"
"DS-13180","David Smith","Corporate"
"ER-13855","Elpida Rittenbach","Corporate"
"TS-21430","Tom Stivers","Corporate"
"AJ-10795","Anthony Johnson","Corporate"
"NB-18580","Nicole Brennan","Corporate"
"AG-10300","Aleksandra Gannaway","Corporate"
"HG-14965","Henry Goldwyn","Corporate"
"AB-10600","Ann Blume","Corporate"
"HH-15010","Hilary Holden","Corporate"
"GH-14485","Gene Hale","Corporate"
"NB-18655","Nona Balk","Corporate"
"MC-17590","Matt Collister","Corporate"
"MH-17620","Matt Hagelstein","Corporate"
"EM-13810","Eleni McCrary","Corporate"
"ON-18715","Odella Nelson","Corporate"
"JE-16165","Justin Ellison","Corporate"
"BB-10990","Barry Blumstein","Corporate"
"VP-21760","Victoria Pisteka","Corporate"
"FG-14260","Frank Gastineau","Consumer"
"AB-10255","Alejandro Ballentine","Consumer"
"CS-12400","Christopher Schild","Consumer"
"CA-12055","Cathy Armstrong","Consumer"
"DH-13675","Duane Huffman","Consumer"
"SM-20320","Sean Miller","Consumer"
"GH-14410","Gary Hansen","Consumer"
"SL-20155","Sara Luxemburg","Consumer"
"MG-17680","Maureen Gastineau","Consumer"
"SW-20350","Sean Wendt","Consumer"
"CC-12430","Chuck Clark","Consumer"
"LB-16795","Laurel Beltran","Consumer"
"TH-21550","Tracy Hopkins","Consumer"
"JK-15640","Jim Kriz","Consumer"
"PV-18985","Paul Van Hugh","Consumer"
"MP-17470","Mark Packer","Consumer"
"DB-13360","Dennis Bolton","Consumer"
"VM-21685","Valerie Mitchum","Consumer"
"SR-20425","Sharelle Roach","Consumer"
"BF-11005","Barry Franz","Consumer"
"MO-17800","Meg O'Connel","Consumer"
"FM-14290","Frank Merwin","Consumer"
"TB-21190","Thomas Brumley","Consumer"
"RS-19765","Roland Schwarz","Corporate"
"MY-17380","Maribeth Yedwab","Corporate"
"PB-19210","Phillip Breyer","Corporate"
"BP-11185","Ben Peterman","Corporate"
"DP-13105","Dave Poirier","Corporate"
"QJ-19255","Quincy Jones","Corporate"
"DJ-13510","Don Jones","Corporate"
"NH-18610","Nicole Hansen","Corporate"
"MK-17905","Michael Kennedy","Corporate"
"DK-13150","David Kendrick","Corporate"
"NS-18640","Noel Staavos","Corporate"
"KB-16240","Karen Bern","Corporate"
"RR-19525","Rick Reed","Corporate"
"FW-14395","Fred Wasserman","Corporate"
"SB-20290","Sean Braxton","Corporate"
"HR-14830","Harold Ryan","Corporate"
"AJ-10780","Anthony Jacobs","Corporate"
"GG-14650","Greg Guthrie","Corporate"
"AO-10810","Anthony O'Donnell","Corporate"
"ML-17395","Marina Lichtenstein","Corporate"
"SP-20650","Stephanie Phelps","Corporate"
"JO-15145","Jack O'Briant","Corporate"
"EA-14035","Erin Ashbrook","Corporate"
"MM-18280","Muhammed MacIntyre","Corporate"
"CK-12760","Cyma Kinney","Corporate"
"HK-14890","Heather Kirkland","Corporate"
"CY-12745","Craig Yedwab","Corporate"
"FA-14230","Frank Atkinson","Corporate"
"SF-20965","Sylvia Foulston","Corporate"
"CV-12805","Cynthia Voltz","Corporate"
"KH-16330","Katharine Harms","Corporate"
"ND-18460","Neil Ducich","Corporate"
"CB-12535","Claudia Bergmann","Corporate"
"MA-17995","Michelle Arnett","Consumer"
"DB-13270","Deborah Brumfield","Consumer"
"RB-19795","Ross Baird","Consumer"
"PS-18970","Paul Stevenson","Consumer"
"HD-14785","Harold Dahlen","Consumer"
"NL-18310","Nancy Lomonaco","Consumer"
"SZ-20035","Sam Zeldin","Consumer"
"TA-21385","Tom Ashbrook","Consumer"
"Dp-13240","Dean percer","Consumer"
"MH-18115","Mick Hernandez","Consumer"
"HP-14815","Harold Pawlan","Consumer"
"BT-11530","Bradley Talbott","Consumer"
"AH-10120","Adrian Hane","Consumer"
"AB-10060","Adam Bellavance","Consumer"
"KF-16285","Karen Ferguson","Consumer"
"PC-19000","Pauline Chand","Consumer"
"JO-15550","Jesus Ocampo","Consumer"
"MP-18175","Mike Pelletier","Consumer"
"PP-18955","Paul Prost","Consumer"
"PB-18805","Patrick Bzostek","Consumer"
"BT-11305","Beth Thompson","Consumer"
"RB-19705","Roger Barcio","Consumer"
"TC-21535","Tracy Collins","Consumer"
"AD-10180","Alan Dominguez","Consumer"
"MT-18070","Michelle Tran","Consumer"
"NF-18475","Neil Französisch","Consumer"
"HJ-14875","Heather Jas","Consumer"
"VP-21730","Victor Preis","Consumer"
"JD-16150","Justin Deggeller","Corporate"
"JB-15400","Jennifer Braxton","Corporate"
"DH-13075","Dave Hallsten","Corporate"
"JS-15685","Jim Sink","Corporate"
"AG-10495","Andrew Gjertsen","Corporate"
"KC-16255","Karen Carlisle","Corporate"
"MD-17860","Michael Dominguez","Corporate"
"RW-19540","Rick Wilson","Corporate"
"GK-14620","Grace Kelly","Corporate"
"DB-13120","David Bremer","Corporate"
"BF-10975","Barbara Fisher","Corporate"
"EH-13765","Edward Hooks","Corporate"
"BM-11650","Brian Moss","Corporate"
"TS-21370","Todd Sumrall","Corporate"
"MC-17605","Matt Connell","Corporate"
"KS-16300","Karen Seio","Corporate"
"TS-21160","Theresa Swint","Corporate"
"BM-11575","Brendan Murry","Corporate"
"AS-10225","Alan Schoenberger","Corporate"
"SV-20815","Stuart Van","Corporate"
"CP-12340","Christine Phan","Corporate"
"DM-13345","Denise Monton","Corporate"
"SH-19975","Sally Hughsby","Corporate"
"BW-11110","Bart Watters","Corporate"
"RB-19645","Robert Barroso","Corporate"
"GT-14635","Grant Thornton","Corporate"
"GR-14560","Georgia Rosenberg","Corporate"
"HM-14860","Harry Marie","Corporate"
"KH-16690","Kristen Hastings","Corporate"
"LS-17200","Luke Schmidt","Corporate"
"ES-14080","Erin Smith","Corporate"
"AG-10525","Andy Gerbode","Corporate"
"JK-15325","Jason Klamczynski","Corporate"
"SP-20545","Sibella Parks","Corporate"
"TT-21265","Tim Taslimi","Corporate"
"DK-13225","Dean Katz","Corporate"
"SC-20440","Shaun Chance","Corporate"
"BF-11020","Barry Französisch","Corporate"
"TH-21115","Thea Hudgings","Corporate"
"AR-10405","Allen Rosenblatt","Corporate"
"JG-15805","John Grady","Corporate"
"SU-20665","Stephanie Ulpright","Consumer"
"PA-19060","Pete Armstrong","Consumer"
"FC-14245","Frank Carlisle","Consumer"
"KN-16705","Kristina Nunn","Consumer"
"LS-16975","Lindsay Shagiari","Consumer"
"DA-13450","Dianna Arnett","Consumer"
"PS-19045","Penelope Sewall","Consumer"
"AP-10720","Anne Pryor","Consumer"
"RB-19465","Rick Bensley","Consumer"
"CD-12790","Cynthia Delaney","Consumer"
"SS-20515","Shirley Schmidt","Consumer"
"BE-11455","Brad Eason","Consumer"
"RD-19810","Ross DeVincentis","Consumer"
"AS-10630","Ann Steele","Consumer"
"SN-20560","Skye Norling","Consumer"
"TC-21475","Tony Chapman","Consumer"
"NP-18685","Nora Pelletier","Consumer"
"BS-11800","Bryan Spruell","Consumer"
"JJ-15760","Joel Jenkins","Consumer"
"DB-12910","Daniel Byrd","Consumer"
"RW-19630","Rob Williams","Corporate"
"SC-20770","Stewart Carmichael","Corporate"
"DK-12835","Damala Kotsonis","Corporate"
"RP-19270","Rachel Payne","Corporate"
"CM-12715","Craig Molinari","Corporate"
"JC-15775","John Castell","Corporate"
"TS-21340","Toby Swindell","Corporate"
"CK-12205","Chloris Kastensmidt","Corporate"
"BP-11230","Benjamin Patterson","Corporate"
"LM-17065","Liz MacKendrick","Corporate"
"RD-19930","Russell D'Ascenzo","Corporate"
"MD-17350","Maribeth Dona","Corporate"
"AC-10450","Amy Cox","Corporate"
"KL-16645","Ken Lonsdale","Corporate"
"NR-18550","Nick Radford","Corporate"
"RP-19390","Resi Pölking","Corporate"
"DB-13660","Duane Benoit","Corporate"
"NP-18325","Naresj Patel","Corporate"
"JF-15415","Jennifer Ferguson","Corporate"
"BF-11080","Bart Folk","Corporate"
"MS-17530","MaryBeth Skach","Corporate"
"DM-13015","Darrin Martin","Corporate"
"LB-16735","Larry Blacks","Corporate"
"TD-20995","Tamara Dahlen","Corporate"
"RE-19405","Ricardo Emerson","Corporate"
"JE-15715","Joe Elijah","Corporate"
"SC-20380","Shahid Collister","Corporate"
"RD-19480","Rick Duston","Corporate"
"FH-14350","Fred Harton","Corporate"
"TR-21325","Toby Ritter","Corporate"
"BP-11290","Beth Paige","Corporate"
"SG-20080","Sandra Glassco","Corporate"
"JL-15505","Jeremy Lonsdale","Corporate"
"IM-15070","Irene Maddox","Corporate"
"CM-11935","Carlos Meador","Corporate"
"RA-19915","Russell Applegate","Corporate"
"RM-19375","Raymond Messe","Corporate"
"RR-19315","Ralph Ritter","Corporate"
"EJ-13720","Ed Jacobs","Corporate"
"MC-17575","Matt Collins","Corporate"
"JM-15250","Janet Martin","Corporate"
"EC-14050","Erin Creighton","Corporate"
"NF-18385","Natalie Fritzler","Corporate"
"SW-20275","Scott Williamson","Corporate"
"GZ-14470","Gary Zandusky","Corporate"
"KW-16570","Kelly Williams","Corporate"
"MW-18220","Mitch Webber","Corporate"
"JL-15235","Janet Lee","Corporate"
"GT-14755","Guy Thornton","Corporate"
"JM-15535","Jessica Myrick","Corporate"
"RC-19960","Ryan Crowe","Corporate"
"MC-17845","Michael Chen","Corporate"
"JP-15520","Jeremy Pistek","Corporate"
"TH-21100","Thea Hendricks","Corporate"
"RE-19450","Richard Eichhorn","Corporate"
"CC-12220","Chris Cortes","Corporate"
"PO-18850","Patrick O'Brill","Corporate"
"AF-10870","Art Ferguson","Corporate"
"AW-10840","Anthony Witt","Corporate"
"JD-16015","Joy Daniels","Corporate"
"MN-17935","Michael Nguyen","Corporate"
"DL-12925","Daniel Lacy","Corporate"
"AH-10210","Alan Hwang","Corporate"
"HG-15025","Hunter Glantz","Corporate"
"CM-12160","Charles McCrossin","Corporate"
"GM-14500","Gene McClure","Corporate"
"CC-12475","Cindy Chapman","Corporate"
"AG-10900","Arthur Gainer","Corporate"
"BM-11785","Bryan Mills","Corporate"
"BD-11770","Bryan Davis","Corporate"
"DK-13090","Dave Kipp","Corporate"
"CL-12565","Clay Ludtke","Corporate"
"SK-19990","Sally Knutson","Corporate"
"BD-11605","Brian Dahlen","Corporate"
"TP-21130","Theone Pippenger","Corporate"
"BP-11155","Becky Pak","Corporate"
"TM-21010","Tamara Manning","Corporate"
"JH-15430","Jennifer Halladay","Corporate"
"MO-17950","Michael Oakman","Corporate"
"BG-11035","Barry Gonzalez","Corporate"
"LH-17155","Logan Haushalter","Corporate"
"JH-15910","Jonathan Howell","Corporate"
"EB-13930","Eric Barreto","Corporate"
"BT-11440","Bobby Trafton","Corporate"
"DL-12865","Dan Lawera","Corporate"
"AS-10240","Alan Shonely","Corporate"
"SC-20305","Sean Christensen","Corporate"
"HF-14995","Herbert Flentye","Corporate"
"SC-20095","Sanjit Chand","Corporate"
"CS-11950","Carlos Soltero","Corporate"
"SG-20470","Sheri Gordon","Corporate"
"CS-11860","Cari Schnelling","Corporate"
"AZ-10750","Annie Zypern","Corporate"
"RD-19585","Rob Dowd","Corporate"
"DP-13165","David Philippe","Corporate"
"GA-14515","George Ashbrook","Corporate"
"SA-20830","Sue Ann Reed","Corporate"
"RD-19720","Roger Demir","Corporate"
"DO-13645","Doug O'Connell","Corporate"
"BO-11425","Bobby Odegard","Corporate"
"CC-12685","Craig Carroll","Corporate"
"PN-18775","Parhena Norris","Consumer"
"CK-12325","Christine Kargatis","Consumer"
"SR-20740","Steven Roelle","Consumer"
"PO-19195","Phillina Ober","Consumer"
"BD-11560","Brendan Dodson","Consumer"
"DE-13255","Deanra Eno","Consumer"
"JL-15835","John Lee","Corporate"
"FM-14380","Fred McMath","Corporate"
"LL-16840","Lauren Leatherbury","Corporate"
"Co-12640","Corey-Lock","Corporate"
"NG-18430","Nathan Gelder","Corporate"
"MC-17275","Marc Crier","Corporate"
"RF-19735","Roland Fjeld","Corporate"
"IL-15100","Ivan Liston","Corporate"
"DP-13000","Darren Powers","Corporate"
"JC-15385","Jenna Caffey","Corporate"
"TS-21085","Thais Sissman","Corporate"
"CC-12370","Christopher Conant","Corporate"
"RC-19825","Roy Collins","Corporate"
"LW-17215","Luke Weiss","Corporate"
"PJ-19015","Pauline Johnson","Corporate"
"MG-18145","Mike Gockenbach","Corporate"
"MM-18055","Michelle Moray","Corporate"
"EH-14185","Evan Henry","Corporate"
"CC-12145","Charles Crestani","Corporate"
"KA-16525","Kelly Andreada","Corporate"
"AP-10915","Arthur Prichep","Corporate"
"AR-10510","Andrew Roberts","Corporate"
"MM-17260","Magdelene Morse","Corporate"
"SC-20020","Sam Craven","Corporate"
"BG-11740","Bruce Geld","Corporate"
"DC-12850","Dan Campbell","Corporate"
"EB-14110","Eugene Barchas","Corporate"
"SC-20845","Sung Chung","Corporate"
"EB-14170","Evan Bailliet","Corporate"
"TG-21640","Trudy Glocke","Corporate"
"CS-12505","Cindy Stewart","Corporate"
"NS-18505","Neola Schneider","Corporate"
"RB-19570","Rob Beeghly","Corporate"
"AI-10855","Arianne Irving","Corporate"
"TM-21490","Tony Molinari","Corporate"
"PT-19090","Pete Takahito","Corporate"
"JF-15565","Jill Fjeld","Corporate"
"JB-15925","Joni Blumstein","Corporate"
"JK-15730","Joe Kamberova","Corporate"
"JM-15580","Jill Matthias","Corporate"
"HA-14905","Helen Abelman","Corporate"
"DW-13540","Don Weiss","Corporate"
"BD-11500","Bradley Drucker","Corporate"
"JM-16195","Justin MacKendrick","Corporate"
"GM-14680","Greg Matthias","Corporate"
"GH-14665","Greg Hansen","Corporate"
"NP-18670","Nora Paige","Corporate"
"DF-13135","David Flashing","Corporate"
"MT-17815","Meg Tillman","Corporate"
"JE-15745","Joel Eaton","Corporate"
"BD-11725","Bruce Degenhardt","Corporate"
"AA-10315","Alex Avila","Corporate"
"CL-11890","Carl Ludwig","Corporate"
"TB-21400","Tom Boeckenhauer","Corporate"
"PG-18820","Patrick Gardner","Corporate"
"LF-17185","Luke Foster","Corporate"
"TS-21610","Troy Staebel","Corporate"
"AH-10465","Amy Hunt","Corporate"
"ZC-21910","Zuschuss Carroll","Corporate"
"JE-15475","Jeremy Ellison","Corporate"
"KB-16315","Karl Braun","Corporate"
"TP-21415","Tom Prescott","Corporate"
"EG-13900","Emily Grady","Corporate"
"KT-16480","Kean Thornton","Corporate"
"JW-15955","Joni Wasserman","Corporate"
"JF-15190","Jamie Frazer","Corporate"
"PB-19150","Philip Brown","Corporate"
"DK-13375","Dennis Kane","Corporate"
"TT-21070","Ted Trevino","Corporate"
"SW-20245","Scot Wooten","Corporate"
"SS-20410","Shahid Shariari","Corporate"
"MH-18025","Michelle Huthwaite","Corporate"
"CM-12115","Chad McGuire","Corporate"
"CD-11980","Carol Darley","Corporate"
"SV-20785","Stewart Visinsky","Corporate"
"JG-15115","Jack Garza","Corporate"
"BH-11710","Brosina Hoffman","Corporate"
"BS-11755","Bruce Stewart","Corporate"
"ST-20530","Shui Tom","Corporate"
"LS-17230","Lycoris Saunders","Corporate"
"KD-16270","Karen Daniels","Corporate"
"RW-19690","Robert Waldorf","Corporate"
"RM-19750","Roland Murray","Corporate"
"AB-10150","Aimee Bixby","Corporate"
"RH-19495","Rick Hansen","Corporate"
"BD-11635","Brian Derr","Corporate"
"BD-11320","Bill Donatelli","Corporate"
"AG-10390","Allen Goldenen","Corporate"
"VG-21790","Vivek Gonzalez","Corporate"
"SW-20455","Shaun Weien","Corporate"
"XP-21865","Xylona Preis","Corporate"
"JC-15340","Jasper Cacioppo","Corporate"
"BN-11515","Bradley Nguyen","Corporate"
"RK-19300","Ralph Kennedy","Corporate"
"MS-17770","Maxwell Schwartz","Corporate"
"MG-17695","Maureen Gnade","Corporate"
"BM-11140","Becky Martin","Corporate"
"LD-17005","Lisa DeCherney","Corporate"
"AS-10090","Adam Shillingsburg","Corporate"
"JK-15205","Jamie Kunitz","Corporate"
"ES-14020","Erica Smith","Corporate"
"AR-10570","Anemone Ratner","Corporate"
"SG-20605","Speros Goranitis","Corporate"
"LP-17080","Liz Pelletier","Corporate"
"PR-18880","Patrick Ryan","Corporate"
"SV-20935","Susan Vittorini","Corporate"
"TS-21505","Tony Sayre","Corporate"
"KH-16510","Keith Herrera","Corporate"
"BD-11620","Brian DeCherney","Corporate"
"SM-20005","Sally Matthias","Corporate"
"RB-19330","Randy Bradley","Corporate"
"SS-20875","Sung Shariari","Corporate"
"PF-19120","Peter Fuller","Corporate"
"AB-10165","Alan Barnes","Corporate"
"PO-18865","Patrick O'Donnell","Corporate"
"EB-13870","Emily Burns","Corporate"
"CV-12295","Christina VanderZanden","Corporate"
"JL-15850","John Lucas","Corporate"
"LW-17125","Liz Willingham","Corporate"
"HM-14980","Henry MacAllister","Corporate"
"LS-17245","Lynn Smith","Corporate"
"LH-16750","Larry Hughes","Corporate"
"GM-14440","Gary McGarr","Corporate"
"PF-19165","Philip Fox","Corporate"
"SB-20185","Sarah Brown","Corporate"
"HL-15040","Hunter Lopez","Corporate"
"RD-19900","Ruben Dartt","Corporate"
"AC-10660","Anna Chung","Corporate"
"CK-12595","Clytie Kelty","Corporate"
"EN-13780","Edward Nazzal","Corporate"
"DB-13210","Dean Braden","Corporate"
"CS-12130","Chad Sievert","Corporate"
"PS-18760","Pamela Stobb","Corporate"
"RA-19285","Ralph Arnett","Corporate"
"EP-13915","Emily Phan","Corporate"
"JR-15670","Jim Radford","Corporate"
"LC-17050","Liz Carlisle","Corporate"
"DD-13570","Dorothy Dickinson","Corporate"
"KT-16465","Kean Takahito","Corporate"
"FO-14305","Frank Olsen","Corporate"
"DB-13405","Denny Blanton","Corporate"
"MM-17920","Michael Moore","Corporate"
"SM-20905","Susan MacKendrick","Corporate"
"HZ-14950","Henia Zydlo","Corporate"
"NC-18340","Nat Carroll","Corporate"
"JD-16060","Julia Dunbar","Corporate"
"VM-21835","Vivian Mathis","Corporate"
"JB-16000","Joy Bell-","Corporate"
"TC-21295","Toby Carlisle","Corporate"
"TB-21520","Tracy Blumstein","Corporate"
"DB-13060","Dave Brooks","Corporate"
"KC-16540","Kelly Collister","Corporate"
"JR-15700","Jocasta Rupert","Corporate"
"MB-18085","Mick Brown","Corporate"
"IM-15055","Ionia McGrath","Corporate"
"WB-21850","William Brown","Corporate"
"MV-17485","Mark Van Huff","Corporate"
"TB-21595","Troy Blackwell","Corporate"
"AB-10105","Adrian Barton","Corporate"
"TB-21055","Ted Butterfield","Corporate"
"JA-15970","Joseph Airdo","Corporate"
"BW-11200","Ben Wallace","Corporate"
"BK-11260","Berenike Kampe","Corporate"
"JL-15130","Jack Lebron","Corporate"
"SV-20365","Seth Vernon","Corporate"
"LP-17095","Liz Preis","Corporate"
"SJ-20215","Sarah Jordon","Corporate"
"EH-13945","Eric Hoffmann","Corporate"
"LH-16900","Lena Hernandez","Corporate"
"DB-13615","Doug Bickford","Corporate"
"CA-12775","Cynthia Arntzen","Corporate"
"TB-21625","Trudy Brown","Corporate"
"SF-20065","Sandra Flanagan","Corporate"
"LC-16870","Lena Cacioppo","Corporate"
"CR-12730","Craig Reiter","Corporate"
"SF-20200","Sarah Foster","Corporate"
"RB-19360","Raymond Buch","Corporate"
"AA-10375","Allen Armold","Corporate"
"DJ-13630","Doug Jacobs","Corporate"
"SO-20335","Sean O'Donnell","Corporate"
"KW-16435","Katrina Willman","Corporate"
"RA-19945","Ryan Akin","Corporate"
"KD-16345","Katherine Ducich","Corporate"
"PG-18895","Paul Gonzalez","Corporate"
"MJ-17740","Max Jones","Corporate"
"MS-17830","Melanie Seite","Corporate"
"AJ-10960","Astrea Jones","Corporate"
"AG-10330","Alex Grayson","Corporate"
"NW-18400","Natalie Webber","Corporate"
"ND-18370","Natalie DeCherney","Corporate"
"ML-17410","Maris LaWare","Corporate"
"MC-18100","Mick Crebagga","Corporate"
"SC-20575","Sonia Cooley","Corporate"
"LT-17110","Liz Thompson","Corporate"
"AA-10480","Andrew Allen","Corporate"
"BS-11665","Brian Stugart","Corporate"
"PK-19075","Pete Kriz","Corporate"
"RB-19435","Richard Bierner","Corporate"
"SC-20725","Steven Cartwright","Corporate"
"CM-12385","Christopher Martinez","Corporate"
"GA-14725","Guy Armstrong","Corporate"
"MB-17305","Maria Bertelson","Corporate"
"AJ-10945","Ashley Jarboe","Corporate"
"CT-11995","Carol Triggs","Corporate"
"GB-14575","Giulietta Baptist","Corporate"
"JG-15160","James Galang","Corporate"
"LE-16810","Laurel Elliston","Corporate"
"TG-21310","Toby Gnade","Corporate"
"TS-21655","Trudy Schmidt","Corporate"
"CM-12235","Chris McAfee","Corporate"
"RO-19780","Rose O'Brian","Corporate"
"FP-14320","Frank Preis","Corporate"
"ML-18265","Muhammed Lee","Corporate"
"JK-15370","Jay Kimmel","Corporate"
"CD-11920","Carlos Daly","Corporate"
"AG-10675","Anna Gayman","Corporate"
"SH-20395","Shahid Hopkins","Corporate"
"TT-21220","Thomas Thornton","Corporate"
"AR-10540","Andy Reiter","Corporate"
"PM-18940","Paul MacIntyre","Corporate"
"ZD-21925","Zuschuss Donatelli","Corporate"
"HA-14920","Helen Andreada","Corporate"
"HG-14845","Harry Greene","Corporate"
"NM-18520","Neoma Murray","Corporate"
"JJ-15445","Jennifer Jackson","Corporate"
"SC-20800","Stuart Calhoun","Corporate"
"LT-16765","Larry Tron","Corporate"
"JH-15985","Joseph Holt","Corporate"
"JD-15790","John Dryer","Corporate"
"DO-13435","Denny Ordway","Corporate"
"SE-20110","Sanjit Engle","Corporate"
"JK-15625","Jim Karlsson","Corporate"
"DN-13690","Duane Noonan","Corporate"
"CB-12415","Christy Brittain","Corporate"
"DL-13315","Delfina Latchford","Corporate"
"DC-13285","Debra Catini","Corporate"
"DV-13465","Dianna Vittorini","Corporate"
"PW-19240","Pierre Wener","Corporate"
"BT-11680","Brian Thompson","Corporate"
"NC-18415","Nathan Cano","Corporate"
"GH-14425","Gary Hwang","Corporate"
"CS-12355","Christine Sundaresam","Corporate"
"VD-21670","Valerie Dominguez","Corporate"
"VS-21820","Vivek Sundaresam","Corporate"
"CC-12670","Craig Carreira","Corporate"
"DL-13330","Denise Leinenbach","Corporate"
"CJ-12010","Caroline Jumper","Corporate"
"GW-14605","Giulietta Weimer","Corporate"
"ME-17725","Max Engle","Corporate"
"PB-19105","Peter Bühler","Corporate"
"CC-12550","Clay Cheatham","Corporate"
"LC-16885","Lena Creighton","Corporate"
"MO-17500","Mary O'Rourke","Corporate"
"RF-19840","Roy Französisch","Corporate"
"TZ-21580","Tracy Zic","Corporate"
"IG-15085","Ivan Gibson","Corporate"
"BE-11410","Bobby Elias","Corporate"
"RH-19555","Ritsa Hightower","Corporate"
"LR-16915","Lena Radford","Corporate"
"TB-21250","Tim Brockman","Corporate"
"JH-16180","Justin Hirsh","Corporate"
"PF-19225","Phillip Flathmann","Corporate"
"EH-13990","Erica Hackney","Corporate"
"JF-15490","Jeremy Farry","Corporate"
"CS-12460","Chuck Sachs","Corporate"
"CM-12445","Chuck Magee","Corporate"
"KH-16360","Katherine Hughes","Corporate"
"KM-16660","Khloe Miller","Corporate"
"LH-17020","Lisa Hazard","Corporate"
"EM-14065","Erin Mull","Corporate"
"MH-17455","Mark Hamilton","Corporate"
"AF-10885","Art Foster","Corporate"
"AB-10015","Aaron Bergman","Corporate"
"JS-15880","John Stevenson","Corporate"
"AA-10645","Anna Andreadi","Corporate"
"AT-10735","Annie Thurman","Corporate"
"RL-19615","Rob Lucas","Corporate"
"JW-16075","Julia West","Corporate"
"EJ-14155","Eva Jacobs","Corporate"
"NP-18700","Nora Preis","Corporate"
"JH-15820","John Huston","Corporate"
"JM-15865","John Murray","Corporate"
"AG-10270","Alejandro Grove","Corporate"
"MS-17365","Maribeth Schnelling","Corporate"
"CB-12025","Cassandra Brandow","Corporate"
"KM-16720","Kunst Miller","Corporate"
"CG-12520","Claire Gute","Corporate"
"AM-10705","Anne McFarland","Corporate"
"MS-17710","Maurice Satty","Corporate"
"SB-20170","Sarah Bern","Corporate"
"JS-16030","Joy Smith","Corporate"
"JF-15295","Jason Fortune-","Corporate"
"AH-10585","Angele Hood","Corporate"
"RH-19600","Rob Haberlin","Corporate"
"EM-13960","Eric Murdock","Corporate"
"OT-18730","Olvera Toch","Corporate"
"SS-20590","Sonia Sunley","Corporate"
"DK-12985","Darren Koutras","Corporate"
"TB-21280","Toby Braunhardt","Corporate"
"GT-14710","Greg Tran","Corporate"
"SP-20920","Susan Pistek","Corporate"
"CA-12265","Christina Anderson","Corporate"
"JF-15355","Jay Fein","Corporate"
"MV-18190","Mike Vittorini","Corporate"
"DK-12895","Dana Kaydos","Corporate"
"SJ-20500","Shirley Jackson","Corporate"
"CM-12190","Charlotte Melton","Corporate"
"JO-15280","Jas O'Carroll","Corporate"
"LC-17140","Logan Currie","Corporate"
"JK-16090","Juliana Krohn","Corporate"
"BW-11065","Barry Weirich","Corporate"
"MK-18160","Mike Kennedy","Corporate"
"CD-12280","Christina DeMoss","Corporate"
